﻿{"@t":"2023-04-14T14:00:55.9145440Z","@m":"\"===============================================Application started with debugger attached=======================================\"","@i":"b7625568","x":"===============================================Application started with debugger attached=======================================","UserArgument_0":"===============================================Application started with debugger attached=======================================","ContentInfo":"1 user-arguments attached!","MessageId":"0x37F10707","MessageTimeStampUtc":"2023-04-14T14:00:55.6769251Z","SourceContext":"[C:\\_A\\2.127.0-01\\_workBA01\\2186\\s\\ServiceBootstrapping\\ServiceCollectionExtensions.cs::AddPlantiTbaseServicesCore, 190]","EventId":"f9a4b6d6-5b51-47b0-ae13-7300d3b7bb6a","TargetedForTracing":true}
{"@t":"2023-04-14T14:00:56.0052389Z","@m":"SimpleLogging: \"No basePath for configuration provided or basePath directory not found. Only defaults will be loaded.\"","@i":"365f672b","@l":"Warning","text":"No basePath for configuration provided or basePath directory not found. Only defaults will be loaded.","UserArgument_0":"No basePath for configuration provided or basePath directory not found. Only defaults will be loaded.","ContentInfo":"1 user-arguments attached!","MessageId":"0x3B1305DD","MessageTimeStampUtc":"2023-04-14T14:00:56.0026455Z","SourceContext":"[C:\\_A\\2.127.0-01\\_workBA01\\2186\\s\\ServiceBootstrapping\\ServiceCollectionExtensions.cs::LogEarlyLogmessages, 293]","EventId":"8d1ef451-adc7-4948-b1a8-9cf2331148a2","TargetedForTracing":true}
{"@t":"2023-04-14T14:00:56.0694647Z","@m":"SimpleLogging: \"AutocontrolService-Configuration file not found: C:\\ProLeiT\\Autocontrol\\src\\AutocontrolService.Host\\config\\AutocontrolModule\\AutocontrolService.Config.json\"","@i":"365f672b","@l":"Warning","text":"AutocontrolService-Configuration file not found: C:\\ProLeiT\\Autocontrol\\src\\AutocontrolService.Host\\config\\AutocontrolModule\\AutocontrolService.Config.json","UserArgument_0":"AutocontrolService-Configuration file not found: C:\\ProLeiT\\Autocontrol\\src\\AutocontrolService.Host\\config\\AutocontrolModule\\AutocontrolService.Config.json","ContentInfo":"1 user-arguments attached!","MessageId":"0x3B1305DD","MessageTimeStampUtc":"2023-04-14T14:00:56.0689493Z","SourceContext":"[C:\\_A\\2.127.0-01\\_workBA01\\2186\\s\\ServiceBootstrapping\\ServiceCollectionExtensions.cs::LogEarlyLogmessages, 293]","EventId":"99e11ff2-a1e5-4bc0-8741-94284a1c69b8","TargetedForTracing":true}
{"@t":"2023-04-14T14:00:56.2120324Z","@m":"Keine Kulturen für Web-Frontends gefunden. Dies ist kein Problem wenn dieser Service kein Web-Frontend enthält.","@i":"94f63749","@l":"Error","MessageId":"0x8E988A2C","MessageTimeStampUtc":"2023-04-14T14:00:56.2108888Z","SourceContext":"[C:\\_A\\2.127.0-01\\_workBA01\\2186\\s\\ServiceBootstrapping\\AutomaticCultureConfiguration.cs::FindAndAddAllCulturesForWebFrontendApplications, 107]","EventId":"fb8170d4-5904-464a-bad7-ae816655aaf3","TargetedForTracing":true}
{"@t":"2023-04-14T14:00:56.2756279Z","@m":"Kultur \"Englisch\" ist nicht installiert, daher wird der Defaultwert auf die Neutrale Sprache eingestellt: \"de\".","@i":"2aea0245","@l":"Warning","culture":"de","UserArgument_0":"de","ContentInfo":"1 user-arguments attached!","MessageId":"0x8E022AC4","MessageTimeStampUtc":"2023-04-14T14:00:56.2456990Z","SourceContext":"[C:\\_A\\2.127.0-01\\_workBA01\\2186\\s\\ServiceBootstrapping\\AutomaticCultureConfiguration.cs::FindDefaultRequestCulture, 175]","EventId":"ec399b81-1b8a-4da0-bd64-f0e41eee3ac1","TargetedForTracing":true}
{"@t":"2023-04-14T14:00:56.2909233Z","@m":"Jaeger Server nicht im lokalen System registriert. Daher wurde keine Jaeger middleware hinzugefügt. (Ob die Verwendung von Jaeger erwünscht wird, wird am vorhandensein der systemweiten Umgebungsvariablen erkannt: \"JAEGER_AGENT_HOST, JAEGER_AGENT_PORT, JAEGER_SAMPLER_TYPE\").","@i":"e788a605","variables":"JAEGER_AGENT_HOST, JAEGER_AGENT_PORT, JAEGER_SAMPLER_TYPE","UserArgument_0":"JAEGER_AGENT_HOST, JAEGER_AGENT_PORT, JAEGER_SAMPLER_TYPE","ContentInfo":"1 user-arguments attached!","MessageId":"0xA5349302","MessageTimeStampUtc":"2023-04-14T14:00:56.2900116Z","SourceContext":"[C:\\_A\\2.127.0-01\\_workBA01\\2186\\s\\JaegerIntegration\\ServiceCollectionExtensions.cs::AddJaegerIfSetUpOnSystem, 45]","EventId":"e853478f-f99d-493c-9287-82a7fbb76e0a","TargetedForTracing":true}
{"@t":"2023-04-14T14:00:57.0505766Z","@m":"\"Setting Kestrel to automatically choose correct IP Version.\"","@i":"31656512","Message":"Setting Kestrel to automatically choose correct IP Version.","UserArgument_0":"Setting Kestrel to automatically choose correct IP Version.","ContentInfo":"1 user-arguments attached!","MessageId":"0x10598471","MessageTimeStampUtc":"2023-04-14T14:00:57.0498218Z","SourceContext":"[C:\\_A\\2.127.0-01\\_workBA01\\2186\\s\\ServiceBootstrapping\\WebHostBuilderExtensions.cs::UseKestrelWithListenSettings, 96]","EventId":"407527c7-55a7-49a5-9eb0-aebcb7ed738c","TargetedForLogging":true,"TargetedForTracing":true}
{"@t":"2023-04-14T14:00:57.1797429Z","@m":"_Module-Service \"AutocontrolService\" wurde gestartet.","@i":"b6346559","techName":"AutocontrolService","UserArgument_0":"AutocontrolService","ContentInfo":"1 user-arguments attached!","MessageId":"0x0CEBFBB2","MessageTimeStampUtc":"2023-04-14T14:00:57.1790637Z","SourceContext":"[C:\\ProLeiT\\TestProject\\src\\AutocontrolService.Host\\Services\\StartStopLog.cs::.ctor, 29]","EventId":"c9eec3d3-b8e9-4494-8bdd-333f5324cc2f","TargetedForLogging":true,"TargetedForTracing":true}
{"@t":"2023-04-14T14:00:57.5640054Z","@m":"Debug-ServiceDiscovery: Fehler beim analysieren der LaunchSettings-Datei eines Services: \"C:\\ProLeiT\\Autocontrol\\src\\AutocontrolService.Host\\Properties\\launchSettings.jsonSystem.Collections.Generic.KeyNotFoundException\r\nThe given key was not present in the dictionary.\r\n\r\n\"","@i":"ba0602a0","@l":"Warning","file":"C:\\ProLeiT\\Autocontrol\\src\\AutocontrolService.Host\\Properties\\launchSettings.jsonSystem.Collections.Generic.KeyNotFoundException\r\nThe given key was not present in the dictionary.\r\n\r\n","UserArgument_0":"C:\\ProLeiT\\Autocontrol\\src\\AutocontrolService.Host\\Properties\\launchSettings.jsonSystem.Collections.Generic.KeyNotFoundException\r\nThe given key was not present in the dictionary.\r\n\r\n","ContentInfo":"1 user-arguments attached!","MessageId":"0xE40203BC","MessageTimeStampUtc":"2023-04-14T14:00:57.5632264Z","SourceContext":"[C:\\_A\\2.127.0-01\\_workBA01\\2186\\s\\ServiceDiscovery\\ProviderComponents\\FromWebClientWithLocalDebugEntries.cs::AnalyseDirectories, 184]","EventId":"a761b97c-36ce-4361-b1fc-a78ef7119f99","TargetedForTracing":true}
{"@t":"2023-04-14T14:00:57.6166443Z","@m":"Debug-ServiceDiscovery: Fehler beim analysieren der LaunchSettings-Datei eines Services: \"C:\\ProLeiT\\Autocontrol\\src\\src\\TestService02.Host\\Properties\\launchSettings.jsonSystem.Collections.Generic.KeyNotFoundException\r\nThe given key was not present in the dictionary.\r\n\r\n\"","@i":"ba0602a0","@l":"Warning","file":"C:\\ProLeiT\\Autocontrol\\src\\src\\TestService02.Host\\Properties\\launchSettings.jsonSystem.Collections.Generic.KeyNotFoundException\r\nThe given key was not present in the dictionary.\r\n\r\n","UserArgument_0":"C:\\ProLeiT\\Autocontrol\\src\\src\\TestService02.Host\\Properties\\launchSettings.jsonSystem.Collections.Generic.KeyNotFoundException\r\nThe given key was not present in the dictionary.\r\n\r\n","ContentInfo":"1 user-arguments attached!","MessageId":"0xE40203BC","MessageTimeStampUtc":"2023-04-14T14:00:57.6157165Z","SourceContext":"[C:\\_A\\2.127.0-01\\_workBA01\\2186\\s\\ServiceDiscovery\\ProviderComponents\\FromWebClientWithLocalDebugEntries.cs::AnalyseDirectories, 184]","EventId":"1481328f-7b7b-4968-83c6-9908f259a7a2","TargetedForTracing":true}
{"@t":"2023-04-14T14:01:00.3585294Z","@m":"Domain-Event receiver was successfully created by creator '\"AllowedOriginsReceiverCreator\"'.","@i":"9ef2ed4b","CreatorName":"AllowedOriginsReceiverCreator","UserArgument_0":"AllowedOriginsReceiverCreator","ContentInfo":"1 user-arguments attached!","MessageId":"0xDF7B09C2","MessageTimeStampUtc":"2023-04-14T14:01:00.3572041Z","SourceContext":"[C:\\_A\\2.127.0-01\\_workBA01\\2186\\s\\ServiceBootstrapping\\DomainEventsExtensions\\DomReceiverProviderCreatorService.cs::CreateDomainEventReceiverProvider, 74]","EventId":"494d69ae-e5cf-4327-8867-313e34f03aa6","TargetedForTracing":true}
{"@t":"2023-04-14T14:01:00.8159270Z","@m":"Der Domain Event Receiver wurde erfolgreich für den CorsReconfigurationService konfiguriert.","@i":"fca7ee2c","MessageId":"0x6C2F9549","MessageTimeStampUtc":"2023-04-14T14:01:00.8134749Z","SourceContext":"[C:\\_A\\2.127.0-01\\_workBA01\\2186\\s\\ServiceBootstrapping\\Cors\\CorsReconfigurationService.cs::SetupDomReceiver, 79]","EventId":"1f1df64f-5eaa-4750-bddf-39674e0f3dd6","TargetedForLogging":true,"TargetedForTracing":true}
{"@t":"2023-04-14T14:01:00.8964712Z","@m":"Domain Event-Hubverbindung hergestellt zu: \"https://esbsjum54:8777/configmgmt/installedsoftware\"","@i":"cd2091a0","url":"https://esbsjum54:8777/configmgmt/installedsoftware","UserArgument_0":"https://esbsjum54:8777/configmgmt/installedsoftware","ContentInfo":"1 user-arguments attached!","MessageId":"0x34DD4C94","MessageTimeStampUtc":"2023-04-14T14:01:00.8958178Z","SourceContext":"[C:\\_A\\2.127.0-01\\_workBA01\\2186\\s\\DomainEvents.SignalR.Receiver\\DomReceiver.cs::OnConnectionEstablished, 167]","EventId":"78b5a15e-a0ee-443e-b56f-0d26f9c6a8bb","TargetedForTracing":true}
{"@t":"2023-04-14T14:01:01.3505631Z","@m":"Das Access-Token für den Client-Credentials-Flow für ClientId \"SwaggerClientRegistratorClient\" wurde aktualisiert.","@i":"5c469d45","clientId":"SwaggerClientRegistratorClient","TokenValidTo":"2023-04-14T15:01:01.0000000Z","MessageId":"0xD70320D5","MessageTimeStampUtc":"2023-04-14T14:01:01.1113862Z","SourceContext":"[C:\\_A\\2.127.0-01\\_workBA01\\2186\\s\\HttpClientProvider\\HttpClientProviderClientCredentials.cs::RetrieveAccessToken, 228]","EventId":"43931383-8a77-4479-ad69-4406c0ffef0b","TargetedForLogging":true,"TargetedForTracing":true}
{"@t":"2023-04-14T14:01:01.5781793Z","@m":"Das Access-Token für den Client-Credentials-Flow für ClientId \"PermissionRegistrationClient\" wurde aktualisiert.","@i":"5c469d45","clientId":"PermissionRegistrationClient","TokenValidTo":"2023-04-14T14:11:01.0000000Z","MessageId":"0xD70320D5","MessageTimeStampUtc":"2023-04-14T14:01:01.5775254Z","SourceContext":"[C:\\_A\\2.127.0-01\\_workBA01\\2186\\s\\HttpClientProvider\\HttpClientProviderClientCredentials.cs::RetrieveAccessToken, 228]","EventId":"9ae49aac-136e-46eb-9d47-497315e49594","TargetedForLogging":true,"TargetedForTracing":true}
{"@t":"2023-04-14T14:01:04.4181865Z","@m":"Die Liste der AllowedOrigins wurde aktualisiert. Inhalt: \"https://esbsjum54:8777, https://esbsjum50:8777, https://esbsjum51:8777\"","@i":"8ac8a28d","list":"https://esbsjum54:8777, https://esbsjum50:8777, https://esbsjum51:8777","UserArgument_0":"https://esbsjum54:8777, https://esbsjum50:8777, https://esbsjum51:8777","ContentInfo":"1 user-arguments attached!","MessageId":"0x206017A6","MessageTimeStampUtc":"2023-04-14T14:01:04.4177688Z","SourceContext":"[C:\\_A\\2.127.0-01\\_workBA01\\2186\\s\\ServiceBootstrapping\\Cors\\CorsReconfigurationService.cs::ReconfigureCors, 132]","EventId":"4bec44c5-6e54-409a-bbb0-a2146027e308","TargetedForTracing":true}
{"@t":"2023-04-14T14:01:04.7483079Z","@m":"Overriding address(es) '\"http://localhost:54321\"'. Binding to endpoints defined in \"UseKestrel()\" instead.","@i":"1f05ff23","@l":"Warning","addresses":"http://localhost:54321","methodName":"UseKestrel()","SourceContext":"Microsoft.AspNetCore.Server.Kestrel"}
{"@t":"2023-04-14T14:01:16.9992734Z","@m":"Überprüfe, ob 1 Permissions aus diesem module-service bereits bei UserMgmt: Permissions registriert sind.","@i":"0e6c4563","x":1,"UserArgument_0":1,"ContentInfo":"1 user-arguments attached!","MessageId":"0x5B4CF904","MessageTimeStampUtc":"2023-04-14T14:01:16.9976607Z","SourceContext":"[C:\\_A\\2.127.0-01\\_workBA01\\2186\\s\\PermissionValidation\\PermissionRegistration\\AutomaticPermissionRegistration.cs::FindOutWhichPermissionsAreNotRegisteredYet, 126]","EventId":"93bef214-7d82-4382-943c-7127cf61b9c7","TargetedForLogging":true,"TargetedForTracing":true}
{"@t":"2023-04-14T14:01:17.0513522Z","@m":"Alle Permissions aus diesem module-service sind bereits bei UserMgmt: Permissions registriert.","@i":"56ce8ecd","MessageId":"0x9D63AC3D","MessageTimeStampUtc":"2023-04-14T14:01:17.0509951Z","SourceContext":"[C:\\_A\\2.127.0-01\\_workBA01\\2186\\s\\PermissionValidation\\PermissionRegistration\\AutomaticPermissionRegistration.cs::RunInternal, 92]","EventId":"8a17c938-43b3-45af-a2eb-0761251e7c44","TargetedForLogging":true,"TargetedForTracing":true}
{"@t":"2023-04-14T14:01:22.3832390Z","@m":"Domain Event-Hubverbindung getrennt von: \"https://esbsjum54:8777/configmgmt/installedsoftware\"","@i":"b6c64b52","@l":"Warning","hub":"https://esbsjum54:8777/configmgmt/installedsoftware","__1":null,"UserArgument_1":null,"UserArgument_0":"https://esbsjum54:8777/configmgmt/installedsoftware","ContentInfo":"2 user-arguments attached!","MessageId":"0xD1144925","MessageTimeStampUtc":"2023-04-14T14:01:22.3822776Z","SourceContext":"[C:\\_A\\2.127.0-01\\_workBA01\\2186\\s\\DomainEvents.SignalR.Receiver\\DomReceiver.cs::HubConnection_Closed, 98]","EventId":"58ce582a-457b-41ef-8513-1c43c4c88263","TargetedForTracing":true}
{"@t":"2023-04-14T14:01:22.3832080Z","@m":"_Module-Service \"AutocontrolService\" wurde gestoppt.","@i":"5bf674ee","techName":"AutocontrolService","UserArgument_0":"AutocontrolService","ContentInfo":"1 user-arguments attached!","MessageId":"0xA6E5797A","MessageTimeStampUtc":"2023-04-14T14:01:22.3826312Z","SourceContext":"[C:\\ProLeiT\\TestProject\\src\\AutocontrolService.Host\\Services\\StartStopLog.cs::Dispose, 35]","EventId":"7fb290f4-2bb4-412e-abdd-83728c6f3bc3","TargetedForLogging":true,"TargetedForTracing":true}
